<?xml version="1.0" encoding="UTF-8"?>
<Run xmlns:xsi="http://www.w3.org/2001/XMLSchema-instance" xmlns="http://www.wldelft.nl/fews/PI" xsi:schemaLocation="http://www.wldelft.nl/fews/PI https://fewsdocs.deltares.nl/schemas/version1.0/pi-schemas/pi_run.xsd" version="1.8">
    <logLevel>info</logLevel>
    <timeZone>0.0</timeZone>
    <startDateTime date="2025-05-05" time="15:00:00"/>
    <endDateTime date="2025-05-05" time="15:00:00"/>
    <time0 date="2025-05-05" time="15:00:00"/>
    <lastObservationDateTime date="2025-05-05" time="15:00:00"/>
    <workDir>/home/exouser/GitRepos/CanOpenFEWS/Modules/pyscripts/work</workDir>
    <outputDiagnosticFile>/home/exouser/GitRepos/CanOpenFEWS/Modules/pyscripts/work/fews_data_download_log.xml</outputDiagnosticFile>
    <properties>
        <string key="destinationDir" value="/home/exouser/GitRepos/CanOpenFEWS/Import/GLOBSNOW"/>
    </properties>
</Run>