<?xml version="1.0" encoding="UTF-8"?>
<Diag xmlns:xsi="http://www.w3.org/2001/XMLSchema-instance" 
xmlns="http://www.wldelft.nl/fews/PI" xsi:schemaLocation="http://www.wldelft.nl/fews/PI 
http://fews.wldelft.nl/schemas/version1.0/pi-schemas/pi_diag.xsd" version="1.2">
<line level="4" description="File logging to /home/exouser/GitRepos/CanOpenFEWS/Modules/pyscripts/bin/../work/fews_data_download.log [2025-05-06 17:54:01,099]"/>
<line level="3" description="Initiating download for data source: GLOBSNOW [2025-05-06 17:54:01,100]"/>
<line level="3" description="Started download script, and reading default arguments [2025-05-06 17:54:01,101]"/>
<line level="4" description="Running with following settings [2025-05-06 17:54:01,123]"/>
<line level="4" description="None [2025-05-06 17:54:01,125]"/>
<line level="3" description="Reading GLOBSNOW download commands [2025-05-06 17:54:01,126]"/>
<line level="2" description="Failed to download URL http://www.globsnow.info/swe/nrt//2025/data/GlobSnow_SWE_L3A_20250506_v.2.0.nc.gz with status code: 404 [2025-05-06 17:54:01,890]"/>
<line level="4" description="Maximum Number of Concurrent Threads Allowed = 7, Number of Threads Active = 4 [2025-05-06 17:54:01,890]"/>
<line level="3" description="Downloading URL complete [http://www.globsnow.info/swe/nrt//2025/data/GlobSnow_SWE_L3A_20250505_v.2.0.nc.gz] [2025-05-06 17:54:02,730]"/>
<line level="4" description="Maximum Number of Concurrent Threads Allowed = 8, Number of Threads Active = 3 [2025-05-06 17:54:02,730]"/>
<line level="3" description="Downloading URL complete [http://www.globsnow.info/swe/nrt//2025/data/GlobSnow_SWE_L3A_20250503_v.2.0.nc.gz] [2025-05-06 17:54:03,027]"/>
<line level="4" description="Maximum Number of Concurrent Threads Allowed = 9, Number of Threads Active = 2 [2025-05-06 17:54:03,027]"/>
<line level="3" description="Downloading URL complete [http://www.globsnow.info/swe/nrt//2025/data/GlobSnow_SWE_L3A_20250504_v.2.0.nc.gz] [2025-05-06 17:54:04,281]"/>
<line level="4" description="Maximum Number of Concurrent Threads Allowed = 10, Number of Threads Active = 1 [2025-05-06 17:54:04,281]"/>
<line level="3" description="Download of data for GLOBSNOW finished [2025-05-06 17:54:07,748]"/>
<line level="3" description="Download data script finished [2025-05-06 17:54:07,748]"/>
</Diag>
